anunciante,area_privativa,area_total,atualizacao,bairro,banheiros,cidade,cod_imovel,creci,data_publicacao,dce,endereco,garagem,idade_imovel,quartos,suites,url,valor_condominio,valor_imovel,valor_mt2
Direcional,,,2022-02-17,Águas Claras,,Brasília,2962633297,,,,"R. das Carnaúbas, Lote 12 ",,,,,https://www.wimoveis.com.br/propriedades/apartamento-brasilia-reserva-parque-clube-2962633297.html,,,
L.Wertheim,,,2022-06-22,Pinheiros,,São Paulo,2965430553,,,,"Rua Oscar Freire, 1485",,,,,https://www.wimoveis.com.br/propriedades/apartamento-pinheiros-terraco-oscar-freire-2965430553.html,,3.176.000,
Eztec,,,2022-06-06,Pompéia,,São Paulo,2962947539,,,,"RUA TUCUNA, 88",,,,,https://www.wimoveis.com.br/propriedades/apartamento-no-pompeia-vivid-perdizes-2962947539.html,,,
Benx,,,2022-06-17,Vila Pompéia,,São Paulo,2962691758,,,,"Avenida Pompeia, 713						",,,,,https://www.wimoveis.com.br/propriedades/apartamento-na-pompeia-viva-benx-pompeia-2962691758.html,,270.249,
Rezende Empreendimentos,,,2022-06-27,Pinheiros,,São Paulo,2966478662,,,,"R. Bianchi Bertoldi, 130 							",,,,,https://www.wimoveis.com.br/propriedades/apartamento-e-studio-pinheiros-ara-faria-lima-2966478662.html,,,
COEMI IMÓVEIS.,58,58,2022-07-03,Águas Claras,2,Brasília,2966810306,3545,,,Rua 08 Norte 0,1,22,2,1,https://www.wimoveis.com.br/propriedades/rua-08-norte-apartamento-de-2-quartos-sendo-1-suite-2966810306.html,495,460.000,
IMOBILIÁRIA  PLANALTO LTDA,34,34,2022-06-22,Águas Claras,1,Brasília,2959926490,J- 120,,,AVENIDA DAS CASTANHEIRAS ÁGUAS CLARAS ED REAL SPLENDOR - 24o Andar,1,10,1,,https://www.wimoveis.com.br/propriedades/vende-se-apto-de-1-quarto-no-residencial-real-2959926490.html,366,330.000,
COEMI IMÓVEIS.,90,90,2022-07-02,Águas Claras,2,Brasília,2965587471,3545,,,Quadra 106 10,1,22,3,1,https://www.wimoveis.com.br/propriedades/quadra-106-apartamento-de-3-quartos-sendo-1-suite-2965587471.html,0,715.000,
COEMI IMÓVEIS.,281,281,2022-07-03,Águas Claras,6,Brasília,2966810304,3545,,,Quadra 206 0,3,22,4,4,https://www.wimoveis.com.br/propriedades/quadra-206-sagitarius-apartamento-com-reforma-de-2966810304.html,2300,3.000.000,
Evandro Rodrigues Corretor de Imóveis,157,260,2022-07-01,Águas Claras,6,Brasília,2965622851,20348,,,QUADRA 104 AGUAS CLARAS NORTE 12,3,,4,4,https://www.wimoveis.com.br/propriedades/quadra-104-aguas-claras-04-quartos-04-suites-157-a-250-2965622851.html,,1,
Imobiliária Serra Negra,97,185,2022-07-03,Águas Claras,3,Brasília,2966788814,25988,,,rua 09 sul lote 03,2,12,4,3,https://www.wimoveis.com.br/propriedades/reformado-porteira-fechada-4-quartos-sendo-3-suites-2966788814.html,799,969.000,
Patricia Barbosa - Corretora de Imoveis,168,168,2022-06-28,Águas Claras,,Brasília,2965492623,10902,,,Rua 28 VIA TERRAZZO 9,3,9,4,2,https://www.wimoveis.com.br/propriedades/a-venda-via-terrazzo-4-quartos-sendo-2-suites-e-2-semi-2965492623.html,1300,1.470.000,
COEMI IMÓVEIS.,70,70,2022-07-02,Águas Claras,2,Brasília,2966106408,3545,,,Avenida Parque Águas Claras 11,1,22,3,1,https://www.wimoveis.com.br/propriedades/av-parque-aguas-claras-ed.-natalia-valois-2966106408.html,545,580.000,
COEMI IMÓVEIS.,82,82,2022-07-03,Águas Claras,2,Brasília,2966810297,3545,,,Quadra 101 0,1,22,2,1,https://www.wimoveis.com.br/propriedades/quadra-101-apartamento-de-2-quartos-sendo-1-suite-a-2966810297.html,615,700.000,
THAIS IMOBILIÁRIA VENDAS,63,63,2022-07-02,Águas Claras,2,Brasília,2965982900,,,,Quadra 202 10,1,,2,1,https://www.wimoveis.com.br/propriedades/apartamento-res.-franz-listz-brasilia-df-2965982900.html,654,430.000,
4IMOB - Assessoria imobiliária,39,39,2022-07-02,Águas Claras,1,Brasília,2958913619,25942,,," Av. Sibipiruna, Lote 11",1,6,1,,https://www.wimoveis.com.br/propriedades/smart-residence-vaga-de-garagem-apartamento-2958913619.html,,359.000,
COEMI IMÓVEIS.,71,71,2022-07-02,Águas Claras,2,Brasília,2966200556,3545,,,Rua 36 Sul 6,1,22,2,2,https://www.wimoveis.com.br/propriedades/lancamento-ouro-branco-vi-rua-36-sul-aguas-claras-2966200556.html,0,672.830,
Nova Inteligência Imobiliária,165,165,2022-07-03,Águas Claras,2,Brasília,2965300888,CJ - 25228,,,"R. das Paineiras, Via Palácio Do Sol Lote 2",3,14,4,2,https://www.wimoveis.com.br/propriedades/apartamento-4-quartos-andar-alto-3-vagas-de-garagem-2965300888.html,1305,1.400.000,
MARIA COSTA,47,47,2022-06-30,Águas Claras,1,Brasília,2966662716,,,,"RUA 04 NORTE , AVENIDA DAS CASTANHEIRAS",1,4,1,1,https://www.wimoveis.com.br/propriedades/01-quarto-residencial-michiganmobiliado-reformado!-2966662716.html,1,450.000,
ATALAIA Empreendimentos Imobiliários,38,38,2022-07-03,Águas Claras,1,Brasília,2966817185,17841,,,Quadra 107 101,1,3,1,,https://www.wimoveis.com.br/propriedades/residencial-figueiras-a-venda-1-quarto-moveis-2966817185.html,,390.000,
Canopus,,,2022-06-04,Pinheiros,,São Paulo,2953840823,,,,"Cardeal Arcoverde,  2004",,,,,https://www.wimoveis.com.br/propriedades/apartamento-pinheiros-today-pinheiros-2953840823.html,,298.000,
Yuny Incorporadora,,,2022-06-09,Pinheiros,,São Paulo,2949735326,12345,,,"Rua Alves Guimarães, 170",,,,,https://www.wimoveis.com.br/propriedades/apartamento-pinheiros-limited-pinheiros-2949735326.html,,483.825,
Riva Incorporadora,,,2022-01-28,Pinheiros,,São Paulo,2962113346,,,,"R. PADRE CARVALHO, 507",,,,,https://www.wimoveis.com.br/propriedades/apartamento-pinheiros-do-it-pinheiros-2962113346.html,,,
Trisul,,,2022-05-31,Pompéia,,São Paulo,2950755696,12345566,,,"Avenida Pompéia, 2210",,,,,https://www.wimoveis.com.br/propriedades/apartamento-pompeia-boreal-madalena-2950755696.html,,,
Trisul,,,2022-05-31,Pinheiros,,São Paulo,2959464002,12345566,,,"Rua Capote Valente, 65 							",,,,,https://www.wimoveis.com.br/propriedades/apartamento-pinheiros-valen-capote-valente-2959464002.html,,,
Adriano Alencar ,145,145,2022-06-23,Águas Claras,5,Brasília,2966524814,Creci 25937/DF,,,,2,8,3,3,https://www.wimoveis.com.br/propriedades/residencial-millenium-resort-145-m-sup2--4-quartos-2966524814.html,1155,1.250.000,
SCALERCIO IMOBILIÁRIA,34,34,2022-07-02,Águas Claras,1,Brasília,2965783438,25006,,,,1,,1,1,https://www.wimoveis.com.br/propriedades/apt-34-m-sup2--1-suite-reformado-mobiliado-1-vaga-2965783438.html,311,315.000,
MARIA FERREIRA - CORRETORA DE IMOVEIS,56,56,2022-06-26,Águas Claras,2,Brasília,2966487160,12407,,,,1,10,2,1,https://www.wimoveis.com.br/propriedades/excelente-apartamento-02-quartos-vista-livre-com-2966487160.html,,480.000,
ROSA AMELIA ,135,135,2022-06-10,Águas Claras,4,Brasília,2966123222,,,,,2,6,3,1,https://www.wimoveis.com.br/propriedades/excelente-cobertura-toda-mobiliada-2966123222.html,669,860.000,
ESPAÇO IMOBILIÁRIA,283,290,2022-07-03,Águas Claras,5,Brasília,2960246701,19825-DF,,,Quadra 206 0,4,,4,4,https://www.wimoveis.com.br/propriedades/quadra-206-residencial-sargitarius-resort-2960246701.html,2500,2.200.000,
AJF IMÓVEIS IMOBILIÁRIA,34,34,2022-05-06,Águas Claras,1,Brasília,2964366674,CJ 28.105 DF,,,"R. Copaíba, lote 01 DF PLAZA 01 QUARTO 33M² SEMI-MOBILIADO",1,6,1,,https://www.wimoveis.com.br/propriedades/df-plaza-01-quarto-33-m-sup2--semi-mobiliado-vista-2964366674.html,330,350.000,
Giroto,103,190,2022-06-11,Águas Claras,3,Brasília,2965933125,26648,,,"Araucárias, 4530 aguas claras",2,1,3,1,https://www.wimoveis.com.br/propriedades/03-quartos-com-preco-especial-suite-andar-alto-2965933125.html,590,,
Juliana Storoz,80,84,2022-07-02,Águas Claras,2,Brasília,2966556377,24341,,,Rua 03 Norte 0,1,,3,1,https://www.wimoveis.com.br/propriedades/apartamento-reformado-03-quartos-01-suite-condominio-2966556377.html,677,760.000,
Kelly Souza,37,37,2022-06-28,Águas Claras,1,Brasília,2960114854,24472/DF ,,,Avenida das Araucárias n°4155 Andar Alto,1,10,1,,https://www.wimoveis.com.br/propriedades/acqua-village-2960114854.html,,340.000,
ANA CRISTINA CORRETORA DE IMOVEIS,80,80,2022-05-26,Águas Claras,2,Brasília,2964513018,10701-DF,,,,2,14,3,1,https://www.wimoveis.com.br/propriedades/espetacular-apartamento!-reformado-3-quartos.-estudo-2964513018.html,652,730.000,
THAIS IMOBILIÁRIA VENDAS,289,300,2022-07-02,Águas Claras,6,Brasília,2963901646,,,,Quadra 204 9,4,,4,4,https://www.wimoveis.com.br/propriedades/quadra-206-lote-09-sagitarius-residencial-resort-2963901646.html,1980,2.890.000,
MÁRCIO SANCHES CORRETOR DE IMÓVEIS,142,142,2022-05-28,Águas Claras,3,Brasília,2959749402,21636,,,QUADRA 103  lote 03,2,16,3,1,https://www.wimoveis.com.br/propriedades/apartamento-03-quartos-142-m-sup2--reformado-03-2959749402.html,870,1.080.000,
IMOBILIÁRIA NOBLE,38,38,2022-06-16,Águas Claras,1,Brasília,2966347798,23545 J,,,Rua 36,,10,1,,https://www.wimoveis.com.br/propriedades/apartamento-no-residencial-moove-em-aguas-claras.-2966347798.html,,319.000,
NOROESTEIMOB,133,133,2022-06-15,Águas Claras,4,Brasília,2958164031,27229,,,AVENIDA PARQUE ÁGUAS CLARAS ,3,1,3,3,https://www.wimoveis.com.br/propriedades/agio-de-incrivel-3-suites-vazado-e-com-vista-livre-pro-2958164031.html,,590.000,
DANI CINTRA,94,94,2022-06-28,Águas Claras,2,Brasília,2966501856,26049,,,Q. 209 lote 6 - Águas Claras,2,7,3,1,https://www.wimoveis.com.br/propriedades/-solar-montparnasse-aguas-claras-03-quartos-01-2966501856.html,700,750.000,
Trisul,,,2022-05-31,Pompéia,,São Paulo,2950755696,12345566,,,"Avenida Pompéia, 2210",,,,,https://www.wimoveis.com.br/propriedades/apartamento-pompeia-boreal-madalena-2950755696.html,,,
Trisul,,,2022-06-13,Alto de Pinheiros,,São Paulo,2950756051,12345566,,,"Rua Dardanelos , 488",,,,,https://www.wimoveis.com.br/propriedades/apartamento-no-alto-de-pinheiros-sonare-alto-de-2950756051.html,,,
Trisul,,,2022-05-31,Pinheiros,,São Paulo,2959464002,12345566,,,"Rua Capote Valente, 65 							",,,,,https://www.wimoveis.com.br/propriedades/apartamento-pinheiros-valen-capote-valente-2959464002.html,,,
Even,,,2022-06-07,Pinheiros,,São Paulo,2948633063,1234,,,"Rua João Moura, 502 ",,,,,https://www.wimoveis.com.br/propriedades/apartamento-em-pinheiros-clari-pinheiros-2948633063.html,,3.419.500,
AO CUBO IMOBILIARIA ,,,2022-06-13,Vila Romana,,São Paulo,2966100909,,,,"Catão, 876 ",,,,,https://www.wimoveis.com.br/propriedades/apartamento-vila-romana-panorama-2966100909.html,,2.312.907,
DANI CINTRA,94,94,2022-06-28,Águas Claras,2,Brasília,2966501856,26049,,,Q. 209 lote 6 - Águas Claras,2,7,3,1,https://www.wimoveis.com.br/propriedades/-solar-montparnasse-aguas-claras-03-quartos-01-2966501856.html,700,750.000,
MARIA FERREIRA - CORRETORA DE IMOVEIS,56,56,2022-06-26,Águas Claras,2,Brasília,2966487160,12407,,,,1,10,2,1,https://www.wimoveis.com.br/propriedades/excelente-apartamento-02-quartos-vista-livre-com-2966487160.html,,480.000,
Nova Inteligência Imobiliária,54,54,2022-07-02,Águas Claras,1,Brasília,2957067482,CJ - 25228,,,"R. 13 Norte, Citta Residence Lotes 1 e 3 Rua 14 Lotes 2 e 4",1,5,2,1,https://www.wimoveis.com.br/propriedades/apartamento-2-quartos-andar-alto-citta-residence-2957067482.html,540,475.000,
ANTONIO FILHO IMOBILIARIA,60,80,2022-07-02,Águas Claras,2,Brasília,2963125878,6494,,,Rua 7 Sul 0,1,,2,1,https://www.wimoveis.com.br/propriedades/mirante-prime-2-quartos-com-varanda-nascente-2963125878.html,500,520.000,
ANTONIO FILHO IMOBILIARIA,110,110,2022-07-02,Águas Claras,4,Brasília,2964590103,6494,,,Rua das Figueiras 5,1,,3,3,https://www.wimoveis.com.br/propriedades/soffisticato-lofts-amp--living-reformado-3-suites-2964590103.html,600,870.000,
Bruce Imóveis,66,66,2022-05-26,Águas Claras,2,Brasília,2965648923,17007,,,qd 301,1,10,3,1,https://www.wimoveis.com.br/propriedades/apartamento-3-quartos-aguas-claras-qd-301-reformado-2965648923.html,500,419.000,
Patricia Barbosa - Corretora de Imoveis,45,45,2022-06-28,Águas Claras,1,Brasília,2964461630,10902,,,AVENIDA DAS FIGUEIRAS 0,1,11,1,1,https://www.wimoveis.com.br/propriedades/a-venda-1-quarto-aguas-claras-residencial-athenas-2964461630.html,460,275.000,
Evandro Rodrigues Corretor de Imóveis,162,280,2022-06-22,Águas Claras,3,Brasília,2958850553,20348,,,QUADRA 205,2,15,4,1,https://www.wimoveis.com.br/propriedades/quadra-205-apartamento-04qts-vazado-vista-livre-2958850553.html,950,1.080.000,
Nova Inteligência Imobiliária,183,183,2022-07-02,Águas Claras,4,Brasília,2963296376,CJ - 25228,,,"Av. das Araucárias, Península Lazer e Urbanismo Lotes 2, 4, 6, 8 e 10",3,9,3,2,https://www.wimoveis.com.br/propriedades/apartamento-3-quartos-andar-alto-peninsula-lazer-e-2963296376.html,814,1.690.000,
Imobiliaria Coutinho,85,85,2022-06-28,Águas Claras,2,Brasília,2966520729,,,,"R. 36 Norte, 3350 ",2,3,3,1,https://www.wimoveis.com.br/propriedades/apartamento-a-venda-aguas-claras-top-life-2966520729.html,600,575.000,
PILOTIS IMOBILIÁRIA,80,132,2022-07-02,Águas Claras,2,Brasília,2966630677,22309JDF,,,Rua 09 Note ,1,,3,1,https://www.wimoveis.com.br/propriedades/excelente-apartamento-em-aguas-claras!-2966630677.html,785,730.000,
TADEU SANTIAGO CONSULTOR IMOBILIÁRIO CRECI: 9056,132,132,2022-06-10,Águas Claras,3,Brasília,2966137674,9056/DF,,,Quadra 104,1,10,4,1,https://www.wimoveis.com.br/propriedades/otimo-apartamento-localizado-na-quadra-104-aguas-2966137674.html,830,830.000,
Rilley Erick - Corretor de Imóveis,92,171,2022-07-01,Águas Claras,2,Brasília,2966305164,16191,,,Rua Babaçu Lote 3 Res. Art Life Design,2,7,3,1,https://www.wimoveis.com.br/propriedades/art-life-design-3-quartos-escritorio:-visite-hoje-2966305164.html,485,855.000,
PeB imóveis,42,42,2022-06-07,Águas Claras,1,Brasília,2964648386,24667,,,Rua 7 Norte Rua 7 Norte,1,1,1,,https://www.wimoveis.com.br/propriedades/apartamento-1-quarto-max-home-mall-aguas-claras-2964648386.html,363,395.000,
JWA CORRETORES ASSOCIADOS,33,33,2022-06-07,Águas Claras,1,Brasília,2957925471,26931,,,Rua das Aroeiras Palladium Residence 2º andar,1,10,1,1,https://www.wimoveis.com.br/propriedades/palladium-residence-33-m-01-quarto-mobiliado-2957925471.html,420,190.000,
AO CUBO IMOBILIARIA ,,,2022-06-09,Pinheiros,,São Paulo,2966051545,,,,Rua Alves Guimarães 170. Pinheiros - São Paulo/SP ,,,,,https://www.wimoveis.com.br/propriedades/apartamento-pinheiros-limited-pinheiros-2966051545.html,,483.825,
AO CUBO IMOBILIARIA ,,,2022-06-13,Vila Ipojuca,,São Paulo,2966215653,,,,Rua Camburiú 177,,,,,https://www.wimoveis.com.br/propriedades/apartamento-e-studio-vila-ipojuca-metrocasa-alto-de-2966215653.html,,187.950,
AO CUBO IMOBILIARIA ,,,2022-06-14,Vila Romana,,São Paulo,2966255045,,,,"R. Scipião, 238",,,,,https://www.wimoveis.com.br/propriedades/apartamento-e-studio-vila-romana-welconx-vila-romana-2966255045.html,,285.119,
AO CUBO IMOBILIARIA ,,,2022-06-17,Pinheiros,,São Paulo,2966319094,,,,"Rua Artur de Azevedo, 1781 - Pinheiros - São Paulo - SP",,,,,https://www.wimoveis.com.br/propriedades/apartamento-pinheiros-edge-pinheiros-2966319094.html,,5.209.920,
AO CUBO IMOBILIARIA ,,,2022-06-09,Pinheiros,,São Paulo,2966105052,,,,"Rua Cristiano Viana, n° 295 ",,,,,https://www.wimoveis.com.br/propriedades/apartamento-pinheiros-clari-2966105052.html,,3.387.700,
PeB imóveis,42,42,2022-06-07,Águas Claras,1,Brasília,2964648386,24667,,,Rua 7 Norte Rua 7 Norte,1,1,1,,https://www.wimoveis.com.br/propriedades/apartamento-1-quarto-max-home-mall-aguas-claras-2964648386.html,363,395.000,
Cristina Salles Corretora de Imóveis,60,60,2022-05-25,Águas Claras,2,Brasília,2963787435,,,,"Rua das Pitangueiras, nº 11 15°",1,15,2,1,https://www.wimoveis.com.br/propriedades/apartamento-de-2-quartos-proximo-ao-metro-com-lazer-2963787435.html,585,510.000,
Christiano Leite,34,34,2022-06-30,Águas Claras,1,Brasília,2963110929,24557,,,avenida parque aguas claras 2675,1,10,1,1,https://www.wimoveis.com.br/propriedades/apartamento-de-01-quarto-frente-ao-parque-2963110929.html,,250.000,
Paulo Bites,162,162,2022-02-15,Águas Claras,5,Brasília,2962570065,,,,Av ,3,1,,4,https://www.wimoveis.com.br/propriedades/4-suites-3-vagas-mans-es-paradiso-lancamento-frente-2962570065.html,,1.667.556,
Rilley Erick - Corretor de Imóveis,92,171,2022-07-01,Águas Claras,2,Brasília,2966305164,16191,,,Rua Babaçu Lote 3 Res. Art Life Design,2,7,3,1,https://www.wimoveis.com.br/propriedades/art-life-design-3-quartos-escritorio:-visite-hoje-2966305164.html,485,855.000,
TADEU SANTIAGO CONSULTOR IMOBILIÁRIO CRECI: 9056,132,132,2022-06-10,Águas Claras,3,Brasília,2966137674,9056/DF,,,Quadra 104,1,10,4,1,https://www.wimoveis.com.br/propriedades/otimo-apartamento-localizado-na-quadra-104-aguas-2966137674.html,830,830.000,
Hjonatan Lima Corretor de Imóveis,103,103,2022-07-02,Águas Claras,4,Brasília,2956076057,23049,,,PENÍNSULA,2,1,3,2,https://www.wimoveis.com.br/propriedades/aguas-claras-residencial-peninsula-3-quartos-103-2956076057.html,,970.000,
PILOTIS IMOBILIÁRIA,80,132,2022-07-02,Águas Claras,2,Brasília,2966630677,22309JDF,,,Rua 09 Note ,1,,3,1,https://www.wimoveis.com.br/propriedades/excelente-apartamento-em-aguas-claras!-2966630677.html,785,730.000,
PILOTIS IMOBILIÁRIA,175,175,2022-07-02,Águas Claras,5,Brasília,2966325412,22309JDF,,,Rua 28 ,3,,4,2,https://www.wimoveis.com.br/propriedades/excelente-oportunidade-em-aguas-claras!-2966325412.html,1100,1.290.000,
Fernando Nogueira,34,49,2022-06-23,Águas Claras,,Brasília,2960209999,,,,Avenida Jacarandá,1,7,1,1,https://www.wimoveis.com.br/propriedades/residencial-you-life-style-34-m-aguas-claras-2960209999.html,292,271.000,
L IMÓVEIS,38,38,2022-06-17,Águas Claras,1,Brasília,2966371616,11587,,,Rua 36 norte,,11,,1,https://www.wimoveis.com.br/propriedades/res.-moove-lindo-apartamento!-2966371616.html,245,300.000,
Daltro Corretor de Imoveis,57,57,2022-06-28,Águas Claras,2,Brasília,2965225989,18584-DF,,,RUA 36 NORTE TOP LIFE AGUAS CLARAS,2,10,2,1,https://www.wimoveis.com.br/propriedades/2-quartos-aguas-claras-top-life-lazer-completo-2965225989.html,,470.000,
Jose Otavio Castro Morais ,98,98,2022-01-21,Águas Claras,3,Brasília,2960674818,Creci 25937/DF,,,QUADRA 209,2,11,3,2,https://www.wimoveis.com.br/propriedades/aguas-claras-3-quartos-2960674818.html,0,790.000,
ATALAIA Empreendimentos Imobiliários,348,348,2022-07-02,Águas Claras,6,Brasília,2966455007,17841,,,Quadra 204 3,4,,4,4,https://www.wimoveis.com.br/propriedades/apartamento-a-venda-4-suites-residencial-quattro-2966455007.html,2800,3.600.000,
Real Capital Negócios Imobiliários,34,34,2022-06-20,Águas Claras,1,Brasília,2965776853,,,," R. Copaíba, lote 01, DF Plaza",1,5,1,1,https://www.wimoveis.com.br/propriedades/apartamento-1-quarto-com-armarios-planejados-proximo-2965776853.html,350,389.000,
AO CUBO IMOBILIARIA ,,,2022-06-14,Vila Ipojuca,,São Paulo,2966236789,,,,"Rua Mota Pais, 394 - Alto da Lapa - São Paulo - SP",,,,,https://www.wimoveis.com.br/propriedades/apartamento-lapa-momento-mota-pais-2966236789.html,,1.147.842,
AO CUBO IMOBILIARIA ,,,2022-06-17,Pinheiros,,São Paulo,2966312385,,,,Rua Maria Carolina 692,,,,,https://www.wimoveis.com.br/propriedades/apartamento-e-studio-pinheiros-ventura-pinheiros-2966312385.html,,558.400,
AO CUBO IMOBILIARIA ,,,2022-06-13,Vila Romana,,São Paulo,2966100909,,,,"Catão, 876 ",,,,,https://www.wimoveis.com.br/propriedades/apartamento-vila-romana-panorama-2966100909.html,,2.312.907,
AO CUBO IMOBILIARIA ,,,2022-06-17,Pinheiros,,São Paulo,2966310807,,,,Rua Francisco Leitão 57,,,,,https://www.wimoveis.com.br/propriedades/apartamento-e-studio-pinheiros-esquina-pinheiros-2966310807.html,,440.700,
AO CUBO IMOBILIARIA ,,,2022-06-17,Pinheiros,,São Paulo,2966314224,,,,"R. da Consolação, 3202",,,,,https://www.wimoveis.com.br/propriedades/apartamento-jardins-solo-jardins-2966314224.html,,588.900,
THAIS IMOBILIÁRIA VENDAS,33,38,2022-07-02,Águas Claras,1,Brasília,2959645488,,,,Alameda dos Eucaliptos 5,1,,1,1,https://www.wimoveis.com.br/propriedades/residencial-conquest-proximo-ao-felicitta-shopping-2959645488.html,300,315.000,
ATALAIA Empreendimentos Imobiliários,34,34,2022-07-02,Águas Claras,1,Brasília,2962203915,17841,,,Avenida das Araucárias 0,1,3,1,,https://www.wimoveis.com.br/propriedades/residencial-blend-a-venda-1-quarto-localizacao-2962203915.html,400,340.000,
THAIS IMOBILIÁRIA VENDAS,53,91,2022-07-02,Águas Claras,2,Brasília,2966083929,,,,Rua 36 Sul 0,1,,2,1,https://www.wimoveis.com.br/propriedades/apartamento-com-2-dormitorios-a-venda-52-m-sup2--por-2966083929.html,450,679.000,
Thais Sá,118,118,2022-06-01,Águas Claras,5,Brasília,2956804746,23012,,,Rua 36 Sul,2,,3,3,https://www.wimoveis.com.br/propriedades/residencial-3.36-3-suites-118-m-sup2--vazado-alto-2956804746.html,,1.260.000,
ATALAIA Empreendimentos Imobiliários,32,32,2022-07-02,Águas Claras,,Brasília,2963727780,17841,,,Av Jequitibá 7,,,1,,https://www.wimoveis.com.br/propriedades/apartamento-a-venda-bahamas-center-1-quarto-2963727780.html,321,210.000,
Ferola Filial Águas Claras 3,114,114,2022-06-20,Águas Claras,2,Brasília,2960834715,CJ 11476,,,RUA DAS PITANGUEIRAS,2,6,3,1,https://www.wimoveis.com.br/propriedades/r.-das-pitangueiras-3-quartos-chamonix-village-61-2960834715.html,800000,950.000,
ATALAIA Empreendimentos Imobiliários,163,163,2022-07-02,Águas Claras,5,Brasília,2963635902,17841,,,Avenida das Araucárias 999,2,,4,3,https://www.wimoveis.com.br/propriedades/apartamento-com-4-quartos-a-venda-aguas-claras-2963635902.html,1024,1.470.000,
Ferola Filial Águas Claras 6,141,141,2022-06-20,Águas Claras,3,Brasília,2959923581,CJ 11476,,,rua das paineiras,2,8,2,2,https://www.wimoveis.com.br/propriedades/2-quartos-duplex-alto-padrao-maison-exclusive-2959923581.html,778,1.550.000,
Daltro Corretor de Imoveis,63,63,2022-06-30,Águas Claras,2,Brasília,2963447097,18584-DF,,,Rua 37 Norte Lote 5,1,4,2,1,https://www.wimoveis.com.br/propriedades/dubai-desing-residence-2-qtos-com-suite-e-varanda-2963447097.html,,495.000,
ATALAIA Empreendimentos Imobiliários,82,130,2022-07-02,Águas Claras,3,Brasília,2964483051,17841,,,Quadra 204 111,1,,2,1,https://www.wimoveis.com.br/propriedades/olimpia-reformado-armarios-lazer-completo-quadra-2964483051.html,680,629.900,
COEMI IMÓVEIS.,41,41,2022-07-02,Águas Claras,1,Brasília,2966200551,3545,,,Rua 37 10,1,6,1,,https://www.wimoveis.com.br/propriedades/rua-37-sul-apartamento-de-1-quarto-a-venda-lazer-2966200551.html,380,300.000,
DIOGO MASSUDA,142,142,2022-06-30,Águas Claras,3,Brasília,2959547263,Creci 25937/DF,,,QUADRA 201,3,10,4,2,https://www.wimoveis.com.br/propriedades/quadra-201-res.-fontana-di-maria-aid-4-qts-2-2959547263.html,1018,1.050.000,
ADRIANO AS,139,139,2022-06-08,Águas Claras,4,Brasília,2960871852,Creci 25937/DF,,,Residencial Paradiso Águas Claras.,1,10,4,1,https://www.wimoveis.com.br/propriedades/residencial-paradiso-aguas-claras.-2960871852.html,867,830.000,
COEMI IMÓVEIS.,44,79,2022-07-03,Águas Claras,1,Brasília,2966810293,3545,,,Qs 5 Rua 310 0,1,22,1,,https://www.wimoveis.com.br/propriedades/qs-05-rua-310-edificio-costa-de-victoria-2966810293.html,385,220.000,
Ferola Filial Águas Claras 3,311,311,2022-06-20,Águas Claras,2,Brasília,2960843577,CJ 11476,,,RUA 28 SUL  VIA TERRAZZO,4,9,4,4,https://www.wimoveis.com.br/propriedades/rua-28-sul-cobertura-alto-padrao-via-terrazzo-2960843577.html,2400,3.300.000,
AO CUBO IMOBILIARIA ,,,2022-06-14,Vila Romana,,São Paulo,2966236288,,,,"Rua Coriolano 1606, Vila Romana, São Paulo, 05047-000",,,,,https://www.wimoveis.com.br/propriedades/apartamento-vila-romana-wl-vila-romana-2966236288.html,,972.620,
AO CUBO IMOBILIARIA ,,,2022-06-14,Pinheiros,,São Paulo,2966236237,,,,"Rua Arruda Alvim, 251 - Pinheiros - São Paulo - SP",,,,,https://www.wimoveis.com.br/propriedades/apartamento-pinheiros-highlight-pinheiros-2966236237.html,,1.235.180,
AO CUBO IMOBILIARIA ,,,2022-06-09,Vila Pompéia,,São Paulo,2966103586,,,,"Rua Venancio Aires, 930 ",,,,,https://www.wimoveis.com.br/propriedades/apartamento-pompeia-modo-pompeia-2966103586.html,,420.590,
AO CUBO IMOBILIARIA ,,,2022-06-09,Pinheiros,,São Paulo,2966050674,,,,05410-000,,,,,https://www.wimoveis.com.br/propriedades/apartamento-pinheiros-pine-zabo-2966050674.html,,2.037.996,
AO CUBO IMOBILIARIA ,,,2022-06-09,Vila Ipojuca,,São Paulo,2966055563,,,,"Rua Mota Pais, 394",,,,,https://www.wimoveis.com.br/propriedades/apartamento-vila-ipojuca-momento-2966055563.html,,,
DALEPRANE INTELIGENCIA IMOBILIÁRIA,141,144,2022-02-18,Águas Claras,4,Brasília,2962252024,Creci 25937/DF,,,Rua das Painerias 7,2,10,3,2,https://www.wimoveis.com.br/propriedades/aguas-claras-apartamento-duplex-cinematografico-2962252024.html,,1.550.000,
ATALAIA Empreendimentos Imobiliários,346,346,2022-07-02,Águas Claras,5,Brasília,2965097893,17841,,,Quadra 206 81,2,,4,2,https://www.wimoveis.com.br/propriedades/cobertura-com-4-quartos-a-venda-residencial-real-2965097893.html,1451,1.780.000,
Jose Otavio Castro Morais ,45,45,2022-03-16,Águas Claras,1,Brasília,2952466258,Creci 25937/DF,,,RUA FIGUEIRAS 1,1,8,1,,https://www.wimoveis.com.br/propriedades/edificio-atenas-rua-das-figueiras-2952466258.html,0,220.000,
DALEPRANE INTELIGENCIA IMOBILIÁRIA,202,202,2022-03-21,Águas Claras,4,Brasília,2962069259,Creci 25937/DF,,,QUADRA 204,4,7,3,3,https://www.wimoveis.com.br/propriedades/residencial-quattro-mobiliado.-2962069259.html,1900,2.390.000,
THAIS IMOBILIÁRIA VENDAS,86,86,2022-07-02,Águas Claras,2,Brasília,2962003017,,,,Rua 36 Norte 0,1,,3,1,https://www.wimoveis.com.br/propriedades/rua-36-norte-res-aqua-marine-03-quartos-sendo-01-2962003017.html,730,650.000,
DALEPRANE INTELIGENCIA IMOBILIÁRIA,45,45,2022-02-18,Águas Claras,1,Brasília,2962214542,Creci 25937/DF,,,Av. Parque de águas Claras,1,10,2,,https://www.wimoveis.com.br/propriedades/aguas-claras-45-m-sup2--2-quartos-2962214542.html,,369.000,
MAIS IMOVEIS BSB,289,289,2022-07-03,Águas Claras,6,Brasília,2963935357,25939,,,Rua 7 Sul 2937,4,,4,4,https://www.wimoveis.com.br/propriedades/cobertura-4-quartos-c-suites-lazer-completo-289-2963935357.html,,2.500.000,
ALPHAVILLE IMÓVEIS,67,67,2022-06-30,Águas Claras,2,Brasília,2964505712,25.289,,, Quadra QS 1 andar alto,1,,2,1,https://www.wimoveis.com.br/propriedades/agio-na-planta-2-quartos-residencial-montanna-aguas-2964505712.html,,86.000,
DALEPRANE INTELIGENCIA IMOBILIÁRIA,52,52,2022-02-18,Águas Claras,1,Brasília,2962279272,Creci 25937/DF,,,QD 107,1,10,1,,https://www.wimoveis.com.br/propriedades/apartamento-aguas-claras-52-m-sup2-2962279272.html,560,289.000,
COEMI IMÓVEIS.,41,41,2022-07-02,Águas Claras,1,Brasília,2966200546,3545,,,Rua 37 11,1,22,1,,https://www.wimoveis.com.br/propriedades/rua-37-sul-apartamento-de-1-quarto-a-venda-lazer-2966200546.html,380,290.000,
Ferola Filial Águas Claras 6,80,80,2022-06-20,Águas Claras,2,Brasília,2961864679,CJ 11476,,,Rua das Paineiras 18 andar,1,8,3,1,https://www.wimoveis.com.br/propriedades/ferola-a-mais-acessada-de-brasilia-vende:-la-belle-2961864679.html,,750.000,
DIOGO MASSUDA,35,35,2022-06-20,Águas Claras,1,Brasília,2961592592,Creci 25937/DF,,,AVENIDA JACARANDA,1,5,1,1,https://www.wimoveis.com.br/propriedades/residencial-spot-aguas-claras-sul-2961592592.html,,320.000,
ATALAIA Empreendimentos Imobiliários,234,346,2022-07-02,Águas Claras,5,Brasília,2965841071,17841,,,Quadra 206 91,2,18,4,2,https://www.wimoveis.com.br/propriedades/real-classic-4-quartos-aceita-financiamento-2965841071.html,1451,2.100.000,
COEMI IMÓVEIS.,82,82,2022-07-02,Águas Claras,2,Brasília,2966298434,3545,,,Quadra 204 0,1,22,2,1,https://www.wimoveis.com.br/propriedades/quadra-204-res.-olimpia-apartamento-reformado-a-2966298434.html,710,640.000,
ATALAIA Empreendimentos Imobiliários,55,55,2022-07-02,Águas Claras,1,Brasília,2959244881,17841,,,Alameda Gravatá Quadra 301 Conjunto 12 301,1,,2,,https://www.wimoveis.com.br/propriedades/residencial-danniel-muniz-2-quartos-aceita-2959244881.html,620,400.000,
AO CUBO IMOBILIARIA ,,,2022-06-17,Pinheiros,,São Paulo,2966310807,,,,Rua Francisco Leitão 57,,,,,https://www.wimoveis.com.br/propriedades/apartamento-e-studio-pinheiros-esquina-pinheiros-2966310807.html,,440.700,
DALEPRANE INTELIGENCIA IMOBILIÁRIA,141,144,2022-02-18,Águas Claras,4,Brasília,2962252024,Creci 25937/DF,,,Rua das Painerias 7,2,10,3,2,https://www.wimoveis.com.br/propriedades/aguas-claras-apartamento-duplex-cinematografico-2962252024.html,,1.550.000,
Ferola Filial Águas Claras 3,114,114,2022-06-20,Águas Claras,2,Brasília,2960834715,CJ 11476,,,RUA DAS PITANGUEIRAS,2,6,3,1,https://www.wimoveis.com.br/propriedades/r.-das-pitangueiras-3-quartos-chamonix-village-61-2960834715.html,800000,950.000,
Daltro Corretor de Imoveis,57,57,2022-06-28,Águas Claras,2,Brasília,2965225989,18584-DF,,,RUA 36 NORTE TOP LIFE AGUAS CLARAS,2,10,2,1,https://www.wimoveis.com.br/propriedades/2-quartos-aguas-claras-top-life-lazer-completo-2965225989.html,,470.000,
ATALAIA Empreendimentos Imobiliários,234,346,2022-07-02,Águas Claras,5,Brasília,2965841071,17841,,,Quadra 206 91,2,18,4,2,https://www.wimoveis.com.br/propriedades/real-classic-4-quartos-aceita-financiamento-2965841071.html,1451,2.100.000,
ATALAIA Empreendimentos Imobiliários,34,34,2022-07-02,Águas Claras,1,Brasília,2962203915,17841,,,Avenida das Araucárias 0,1,3,1,,https://www.wimoveis.com.br/propriedades/residencial-blend-a-venda-1-quarto-localizacao-2962203915.html,400,340.000,
THAIS IMOBILIÁRIA VENDAS,86,86,2022-07-02,Águas Claras,2,Brasília,2962003017,,,,Rua 36 Norte 0,1,,3,1,https://www.wimoveis.com.br/propriedades/rua-36-norte-res-aqua-marine-03-quartos-sendo-01-2962003017.html,730,650.000,
Real Capital Negócios Imobiliários,34,34,2022-06-20,Águas Claras,1,Brasília,2965776853,,,," R. Copaíba, lote 01, DF Plaza",1,5,1,1,https://www.wimoveis.com.br/propriedades/apartamento-1-quarto-com-armarios-planejados-proximo-2965776853.html,350,389.000,
ATALAIA Empreendimentos Imobiliários,163,163,2022-07-02,Águas Claras,5,Brasília,2963635902,17841,,,Avenida das Araucárias 999,2,,4,3,https://www.wimoveis.com.br/propriedades/apartamento-com-4-quartos-a-venda-aguas-claras-2963635902.html,1024,1.470.000,
IMOBILIÁRIA NOBLE,35,35,2022-06-04,Águas Claras,1,Brasília,2965979234,23545 J,,,Avenida Jacarandá,1,10,1,,https://www.wimoveis.com.br/propriedades/lindo-apartamento-em-aguas-claras-condominio-com-area-2965979234.html,,330.000,
IMOBILIÁRIA NOBLE,83,129,2022-05-09,Águas Claras,2,Brasília,2965079404,23545 J,,,QUADRA 207,2,10,3,1,https://www.wimoveis.com.br/propriedades/apartamento-para-venda-em-aguas-claras-3-quartos-2965079404.html,,725.000,
Newcore ll,81,127,2022-07-03,Águas Claras,2,Brasília,2966720347,,,,"Rua Manacá, 100",1,5,3,1,https://www.wimoveis.com.br/propriedades/apartamento-no-village-manaca-com-3-dorm-e-81-m-aguas-2966720347.html,750,609.700,
MÁRCIA VAZ,62,163,2022-06-10,Águas Claras,3,Brasília,2965079528,9968,,,"Rua Copaiba, Lt 09 Norte",2,1,2,,https://www.wimoveis.com.br/propriedades/lancamento:-oceania-residence-2-quartos-varanda-2965079528.html,,,
MB EMPREENDIMENTOS IMOBILIARIOS,80,80,2022-07-03,Águas Claras,3,Brasília,2966826832,18604,,,Rua das Figueiras 0,1,,2,2,https://www.wimoveis.com.br/propriedades/apartamento-duplex-com-2-dormitorios-80-m-sup2--2966826832.html,742,700.000,
NORONHA & EDMILSON ASSESSORIA IMOBILIÁRIA,64,64,2022-06-25,Águas Claras,2,Brasília,2963123538,cj11.955-DF,,,Rua 14 ,1,,2,1,https://www.wimoveis.com.br/propriedades/rua-14-sul-aguas-claras-2963123538.html,500,457.000,
PeB imóveis,50,50,2022-05-24,Águas Claras,1,Brasília,2964463492,24667,,,Aguas Claras Quadra 210 lote 08,1,5,1,,https://www.wimoveis.com.br/propriedades/apartamento-1-quarto-reformado-residencial-yes-2964463492.html,,500.000,
 FC Consultor Imobiliário ,76,90,2022-06-08,Águas Claras,3,Brasília,2959678639,16.436,,,"Alameda dos eucaliptos 9, Aguas Sul, Águas Claras",1,12,3,1,https://www.wimoveis.com.br/propriedades/03-quartos-com-suite-em-aguas-claras-linda-varanda!-2959678639.html,,455.000,
NORONHA & EDMILSON ASSESSORIA IMOBILIÁRIA,64,64,2022-06-25,Águas Claras,2,Brasília,2964720569,cj11.955-DF,,,Rua 25 Norte ,1,,2,1,https://www.wimoveis.com.br/propriedades/apartamento-2-quartos-para-venda-aguas-claras-2964720569.html,600,474.900,
 FC Consultor Imobiliário ,128,128,2021-10-30,Águas Claras,5,Brasília,2957431896,16.436,,,Avenida Araucarias Aguas claras ,3,6,4,3,https://www.wimoveis.com.br/propriedades/04-quartos-no-penindsula-reformado-de-128-m-sup2-2957431896.html,,1.200.000,
DNG IMOBILIARIA,263,263,2022-07-02,Águas Claras,6,Brasília,2960155418,23418pj,,,,3,,4,4,https://www.wimoveis.com.br/propriedades/excelente-cobertura-em-aguas-claras-2960155418.html,0,2.400.000,
NORONHA & EDMILSON ASSESSORIA IMOBILIÁRIA,34,46,2022-06-25,Águas Claras,1,Brasília,2963715651,cj11.955-DF,,,Avenida das Araucárias ,1,,1,,https://www.wimoveis.com.br/propriedades/ed.-blend-aguas-claras-2963715651.html,390,329.000,
ACBARBOSA CONSULTORIA DE IMÓVEIS,162,162,2022-06-30,Águas Claras,2,Brasília,2964920756,25811,,,"Q. 104 - Águas Claras, Brasília - DF",3,,4,4,https://www.wimoveis.com.br/propriedades/lancamento-4-suites-moderno-tecnologico-luxuoso-2964920756.html,,1.550.000,
 LOPES E SILVA IMÓVEIS II,32,32,2022-06-19,Águas Claras,1,Brasília,2965576795,24449,,,Rua 37 Sul  Águas Claras,1,4,1,,https://www.wimoveis.com.br/propriedades/real-celebration-32-m-1-quarto-proximo-ao-colegio-2965576795.html,,305.000,
IMOBILIÁRIA NOBLE,58,58,2022-06-10,Águas Claras,1,Brasília,2966122947,23545 J,,,Avenida Parque Águas Claras Conjunto 6,1,10,2,1,https://www.wimoveis.com.br/propriedades/apartamento-com-suite-em-aguas-claras.-2966122947.html,,399.000,
PILOTIS IMOBILIÁRIA,69,69,2022-05-05,Águas Claras,2,Brasília,2962097140,22309JDF,,,Rua 36 Norte ,2,,2,1,https://www.wimoveis.com.br/propriedades/oportunidade-no-condominio-top-life-clube-2962097140.html,400,570.000,
ABC Imoveis Ltda,166,166,2022-07-02,Águas Claras,1,Brasília,2964026804,CJ 6026-DF,,,Quadra 202 201,2,,4,2,https://www.wimoveis.com.br/propriedades/quadra-202-res.-heitor-villa-lobos-2964026804.html,840,950.000,
RE/MAX CAPITAL,30,30,2022-07-01,Águas Claras,1,Brasília,2966445465,24523J,,,Rua 03 Norte 403,1,,1,,https://www.wimoveis.com.br/propriedades/kitnet-com-1-dormitorio-a-venda-30-m-sup2--no-2966445465.html,280,214.000,
MÁRCIA VAZ,84,198,2022-05-18,Águas Claras,3,Brasília,2965082022,9968,,,"Rua Copaíba, Lt 09, Águas Claras",2,1,3,1,https://www.wimoveis.com.br/propriedades/oceania-residence_3-quartos-varanda-perto-ceub-2965082022.html,,,
RAGHED NASER ,180,275,2022-06-09,Águas Claras,6,Brasília,2964449178,18485,,,Quadra 105 Parque do Arvoredo,3,10,4,3,https://www.wimoveis.com.br/propriedades/opcao-exclusiva-excelente-planta-e-localizacao-2964449178.html,1800,1.365.000,
NORONHA & EDMILSON ASSESSORIA IMOBILIÁRIA,33,33,2022-06-25,Águas Claras,1,Brasília,2962497936,cj11.955-DF,,,Av. das Castanheiras Lt. 920 - Ed. Onix Mult Center ,,,1,,https://www.wimoveis.com.br/propriedades/kitnet-1-quarto-para-venda-aguas-claras-brasilia-2962497936.html,209,120.000,
RE/MAX CAPITAL,76,90,2022-07-01,Águas Claras,2,Brasília,2961710868,24523J,,,Alameda Dos Eucaliptos Quadra 107 1105,1,,3,1,https://www.wimoveis.com.br/propriedades/quadra-107!-apartamento-em-andar-alto-com-vista-para-2961710868.html,508,568.500,
Guerri Investimentos Imobiliarios,103,103,2022-02-11,Águas Claras,2,Brasília,2962497074,,,,AVENIDA SUL  PENINSULA ,2,1,3,1,https://www.wimoveis.com.br/propriedades/apartamento-em-aguas-claras!-2962497074.html,,950.000,
ACBARBOSA CONSULTORIA DE IMÓVEIS,55,55,2022-06-14,Águas Claras,1,Brasília,2964980431,25811,,," Avenida Sibipiruna, Lote 11",1,10,2,,https://www.wimoveis.com.br/propriedades/excelente-apartamento-de-2-quartos-no-smart-residence-2964980431.html,420,698.000,
IMOBILIÁRIA NOBLE,65,65,2022-07-01,Águas Claras,2,Brasília,2966771326,23545 J,,,Rua 31,1,10,2,1,https://www.wimoveis.com.br/propriedades/lindo-apartamento-de-2-quartos-no-mozart-residence-2966771326.html,,615.000,
Francisco Vieira Escritório Imobiliário,80,80,2022-06-08,Águas Claras,2,Brasília,2961648147,26.761,,,,1,10,3,1,https://www.wimoveis.com.br/propriedades/venda-apartamento-aguas-claras-2961648147.html,587,670.000,
ACBARBOSA CONSULTORIA DE IMÓVEIS,128,128,2022-06-30,Águas Claras,2,Brasília,2964922306,25811,,,,2,,3,3,https://www.wimoveis.com.br/propriedades/lancamento-nature-residence-um-empreendimento-unico-2964922306.html,,1.317.436,
IG NEGOCIOS IMOBILIARIOS LTDA,39,39,2022-05-18,Águas Claras,1,Brasília,2965404363,25745,,,"Av. Sibipiruna, Lote 11 - Águas Claras, Brasília - DF, 71928-720",,15,1,,https://www.wimoveis.com.br/propriedades/smart-residence-39-m-sup2--1-quarto-1-vaga-andar-2965404363.html,,310.000,
IMOBILIÁRIA NOBLE,54,54,2022-05-30,Águas Claras,1,Brasília,2965778754,23545 J,,,Avenida das Araucárias,1,10,2,1,https://www.wimoveis.com.br/propriedades/apartamento-na-melhor-localizacao-de-aguas-claras.-2965778754.html,,449.000,
Silvio Assessoria Imobiliaria,32,58,2022-07-03,Águas Claras,1,Brasília,2964762362,22714,,,Rua 03 Norte 5,1,,1,1,https://www.wimoveis.com.br/propriedades/apartamento-em-aguas-claras-1-quarto-com-vaga-de-2964762362.html,350,245.000,
Newcore ll,128,150,2022-07-02,Águas Claras,3,Brasília,2966641697,,,,"Avenida das Araucárias, 100",2,5,4,2,https://www.wimoveis.com.br/propriedades/apartamento-no-peninsula-aguas-claras-com-4-dorm-e-128-2966641697.html,650,999.160,
IMOBILIÁRIA NOBLE,116,116,2022-06-24,Águas Claras,1,Brasília,2966533325,23545 J,,,Quadra 104,2,10,2,1,https://www.wimoveis.com.br/propriedades/apartamento-em-aguas-claras-com-116-m-sup2--e-2-vagas-2966533325.html,,790.000,
CONDE IMÓVEIS,27,35,2022-07-02,Águas Claras,1,Brasília,2962995435,PJ 11001,,,Rua 36 Sul 0,1,,1,,https://www.wimoveis.com.br/propriedades/flat-a-venda-26-m-sup2--por-r$235.000-aguas-claras-2962995435.html,,235.000,
PARK SUL NETIMÓVEIS,46,46,2022-06-09,Águas Claras,1,Brasília,2965977560,CJ-20892,,,,1,4,2,,https://www.wimoveis.com.br/propriedades/apartamento-02-quarto-com-01-vaga-de-garagem-aguas-2965977560.html,,320.000,
IG NEGOCIOS IMOBILIARIOS LTDA,120,120,2022-04-05,Águas Claras,,Brasília,2963723138,25745,,,"Alameda dos Eucaliptos, Quadra 107, 6 - Águas Claras, Brasília - DF, 71920-010",3,10,3,1,https://www.wimoveis.com.br/propriedades/primavera-120-m-sup2--3-quartos-1-suite-varanda-2963723138.html,720,890.000,
ALEXANDRE PARENTE - CORRETOR DE IMOVEIS,37,37,2022-05-27,Águas Claras,1,Brasília,2962558180,17843,,,Art Life Acqua Village,1,5,1,,https://www.wimoveis.com.br/propriedades/exclusividade-aguas-claras-apartamento-1-quarto-2962558180.html,352,335.000,
L IMÓVEIS,317,365,2022-06-15,Águas Claras,6,Brasília,2958798905,11587,,,,4,8,4,4,https://www.wimoveis.com.br/propriedades/cobertura-top-house-2958798905.html,2500,2.200.000,
AV CORRETORA DE IMÓVEIS,53,53,2022-05-25,Águas Claras,1,Brasília,2964828441,6272,,,,1,9,2,1,https://www.wimoveis.com.br/propriedades/residencial-metropole-2-quartos-sendo-1suite-semi-2964828441.html,530,450.000,
ROSA AMELIA ,35,35,2022-06-09,Águas Claras,1,Brasília,2966120835,,,,,,11,1,1,https://www.wimoveis.com.br/propriedades/daleprane-inteligencia-imobiliaria-vende-excelente-2966120835.html,280,215.000,
CLAUDIO A. BATISTA IMOVEIS - Ingaia,81,108,2022-06-21,Águas Claras,2,Brasília,2964748419,8066,,,Rua 36 Norte 0,1,,3,1,https://www.wimoveis.com.br/propriedades/res.-top-life-rua-36-norte-apto-reformado-80-2964748419.html,650,660.000,
ESPAÇO IMOBILIÁRIA,104,104,2022-07-03,Águas Claras,3,Brasília,2966671176,19825-DF,,,Avenida das Araucárias 204,2,10,3,1,https://www.wimoveis.com.br/propriedades/quadra-204-aguas-claras-apto-3-quartos-portinari-2966671176.html,700,860.000,
Pedro Jr - Corretor,62,62,2022-06-20,Águas Claras,2,Brasília,2966355753,12095,,,Rua Copaíba  lote-09,2,,,1,https://www.wimoveis.com.br/propriedades/02-e-03-quartos-na-melhor-localizacao-de-aguas-2966355753.html,,1,
ACBARBOSA CONSULTORIA DE IMÓVEIS,96,96,2022-06-30,Águas Claras,3,Brasília,2965103896,25811,,,"Rua das Paineiras Lote 04, ",1,10,3,1,https://www.wimoveis.com.br/propriedades/3-quartos-dce-andar-alto-nascente.-2965103896.html,800,730.000,
 Imobplace Corretores Associados,110,110,2022-06-29,Águas Claras,4,Brasília,2965908019,,,,Rua das Figueiras ,1,122,3,3,https://www.wimoveis.com.br/propriedades/apartamento-a-venda-em-aguas-claras-2965908019.html,600,870.000,
ACBARBOSA CONSULTORIA DE IMÓVEIS,94,94,2022-06-30,Águas Claras,2,Brasília,2965178966,25811,,,rua 36 sul,2,1,3,2,https://www.wimoveis.com.br/propriedades/espetacular-apartamento-de-3-quartos-no-ouro-branco-em-2965178966.html,880,995.000,
LAMARTINE IMÓVEIS,69,69,2021-09-20,Águas Claras,3,Brasília,2958063118,9451,,,RUA 13 NORTE,1,1,3,3,https://www.wimoveis.com.br/propriedades/oportunidade!-apto-3-suites-ac-financ-e-fgts-2958063118.html,,550.000,
MUDE NEGÓCIOS IMOBILIÁRIOS,170,170,2022-07-02,Águas Claras,5,Brasília,2964605951,,,,Quadra 202 0,3,12,4,2,https://www.wimoveis.com.br/propriedades/apartamento-com-4-dormitorios-a-venda-170-m-sup2--por-2964605951.html,,1.250.000,
Gustavo Lopes,175,263,2022-06-07,Águas Claras,4,Brasília,2959801177,25909,,,Rua 13 norte,2,10,3,3,https://www.wimoveis.com.br/propriedades/aguas-claras-175-m-sup2--3-suites-2-vagas-2959801177.html,1000,1.150.000,
lemoscamila,54,93,2022-04-11,Águas Claras,1,Brasília,2964231259,,,,Rua 36 Norte,1,6,1,1,https://www.wimoveis.com.br/propriedades/2-quartos-no-top-life-aguas-claras-2964231259.html,511,440.000,
Gmagalhães Imoveis ,58,58,2022-06-29,Águas Claras,1,Brasília,2966480846,14545-DF,,,RUA 37 NORTE LOTE 04 ED. CICINATTI  11ºANDAR,1,7,2,,https://www.wimoveis.com.br/propriedades/vendo-02-qtos-em-frente-a-estacao.-2966480846.html,540,450.000,
ANDRESSA RAFAELLE CORRETORA DE IMÓVEIS,33,33,2022-06-27,Águas Claras,1,Brasília,2965536302,12873,,,rua 30 cosmopolitan,1,15,1,1,https://www.wimoveis.com.br/propriedades/excelente-localizacao!-2965536302.html,350,310.000,
CONDE IMÓVEIS,109,109,2022-07-02,Águas Claras,3,Brasília,2966375308,PJ 11001,,,Avenida Jequitibá 485 0,1,,3,1,https://www.wimoveis.com.br/propriedades/apartamento-com-3-dormitorios-a-venda-109-m-sup2--por-2966375308.html,,770.000,
Newcore l,97,97,2022-07-03,Águas Claras,3,Brasília,2965559886,,,,"Rua 24, 100",2,5,2,2,https://www.wimoveis.com.br/propriedades/apartamento-no-casablanca-mall-residence-com-2-dorm-e-2965559886.html,800,849.190,
 M CIDA ARAÚJO,59,95,2022-06-30,Águas Claras,1,Brasília,2960313531,10602,,,Madison Av. Parque Águas Claras lt 55,2,15,1,,https://www.wimoveis.com.br/propriedades/plantao-99310-2006-duplex-1-quarto-edificio-2960313531.html,466,400.000,
PCM Corretor Paulo Cesar,200,200,2022-04-25,Águas Claras,4,Brasília,2962673423,25666,,,Via Club Residence - Águas Claras,2,4,4,1,https://www.wimoveis.com.br/propriedades/linda-cobertura-nascente-duplex-4-quartos-suite-2962673423.html,,1.350.000,
IMOBILIÁRIA NOBLE,90,90,2022-05-10,Águas Claras,1,Brasília,2965117484,23545 J,,,Rua das Figueiras,2,10,2,2,https://www.wimoveis.com.br/propriedades/imobiliaria-noble-vende-apartamento-com-90-m-sup2--2965117484.html,,750.000,
 Imobplace Corretores Associados,53,53,2022-06-29,Águas Claras,1,Brasília,2965930195,,,,Quadra 107 ,1,122,2,,https://www.wimoveis.com.br/propriedades/apartamento-a-venda-em-aguas-claras-2965930195.html,,315.000,
Lettieri Águas Claras,137,137,2022-06-09,Águas Claras,2,Brasília,2966096467,12419,,,Quadra 204 Residencial Fênix,1,5,3,1,https://www.wimoveis.com.br/propriedades/melhor-3-quartos-2966096467.html,,1.100.000,
 FC Consultor Imobiliário ,76,90,2022-06-09,Águas Claras,3,Brasília,2961674321,16.436,,,"Alameda dos eucaliptos 9, Águas Claras sul ",1,10,3,1,https://www.wimoveis.com.br/propriedades/03-quartos-em-aguas-claras-com-suite-e-vista-livre!-2961674321.html,,455.000,
ESPAÇO IMOBILIÁRIA,104,104,2022-07-03,Águas Claras,3,Brasília,2962200078,19825-DF,,,Avenida das Araucárias 204,2,12,3,1,https://www.wimoveis.com.br/propriedades/3-quartos-varanda-lazer-premium-residencial-portinari-2962200078.html,790,790.000,
ACBARBOSA CONSULTORIA DE IMÓVEIS,94,94,2022-06-14,Águas Claras,1,Brasília,2965111841,25811,,,rua 36 sul,2,,3,3,https://www.wimoveis.com.br/propriedades/lancamento-ouro-branco-vi-primeira-tabela-qualidade-2965111841.html,,891.000,
Cícero Macedo,125,125,2022-06-02,Águas Claras,2,Brasília,2965882269,19339,,,,,2,3,1,https://www.wimoveis.com.br/propriedades/lindo-apartamento-3-quartos-no-residencial-mozart-em-2965882269.html,,1.100.000,
PILOTIS IMOBILIÁRIA,30,30,2022-02-24,Águas Claras,1,Brasília,2962908700,22309JDF,,,Rua Das Paineiras Lote 06 ,,,1,,https://www.wimoveis.com.br/propriedades/rua-das-paineiras-aguas-claras-2962908700.html,400,290.000,
 Imobplace Corretores Associados,34,34,2022-06-29,Águas Claras,1,Brasília,2965926763,,,,Avenida Jacarandá ,1,122,1,1,https://www.wimoveis.com.br/propriedades/apartamento-a-venda-em-aguas-claras-2965926763.html,272,282.000,
THAIS IMOBILIÁRIA VENDAS,35,35,2022-07-02,Águas Claras,1,Brasília,2966083914,,,,Rua das Figueiras 10,2,,1,,https://www.wimoveis.com.br/propriedades/kitnet-em-excelente-localizacao-em-aguas-claras-2966083914.html,280,215.000,
BSC imobiliária,96,105,2022-03-04,Águas Claras,2,Brasília,2963109818,,,,,2,,3,1,https://www.wimoveis.com.br/propriedades/nature-residence-2963109818.html,1,856.875,
Fabio Nogueira,187,187,2022-06-02,Águas Claras,,Brasília,2965857413,,,,Condomínio do Edifício Residencial Rafaela,2,1,3,1,https://www.wimoveis.com.br/propriedades/oportunidade!-cobertura-duplex-lazer-privativo-vista-2965857413.html,1200,1.200.000,
Bruno Rodrigues,33,33,2022-05-06,Águas Claras,1,Brasília,2965009629,,,,Blend Apartments,1,1,1,1,https://www.wimoveis.com.br/propriedades/blend-hplus-apartments-1-suite-1-vaga-33-m-sup2-2965009629.html,,309.000,
Miro Ribeiro,24,30,2022-06-28,Águas Claras,1,Brasília,2966646884,,,,"Rua 20 Sul, Lote 08, Bloco B",2,16,1,1,https://www.wimoveis.com.br/propriedades/apto-kitnete-reformada-e-mobiliada-rua-20-sul-porto-2966646884.html,314,215.000,
Michele Santos Baleeiro,158,178,2022-06-10,Águas Claras,5,Brasília,2966128103,,,,Avenida das Araucárias lote 4530 condomínio Península,2,9,4,3,https://www.wimoveis.com.br/propriedades/apartamento-alto-padrao-2966128103.html,,1.650.000,
Eduardo silva dias junior,71,71,2022-06-27,Águas Claras,3,Brasília,2963817925,,,,Avenida Parque Águas Claras Lote 3740,1,7,3,2,https://www.wimoveis.com.br/propriedades/3-quartos-aguas-claras-2963817925.html,590,589.000,
CONDE IMÓVEIS,109,109,2022-07-02,Águas Claras,3,Brasília,2966375308,PJ 11001,,,Avenida Jequitibá 485 0,1,,3,1,https://www.wimoveis.com.br/propriedades/apartamento-com-3-dormitorios-a-venda-109-m-sup2--por-2966375308.html,,770.000,
Newcore l,97,97,2022-07-03,Águas Claras,3,Brasília,2965559886,,,,"Rua 24, 100",2,5,2,2,https://www.wimoveis.com.br/propriedades/apartamento-no-casablanca-mall-residence-com-2-dorm-e-2965559886.html,800,849.190,
 M CIDA ARAÚJO,59,95,2022-06-30,Águas Claras,1,Brasília,2960313531,10602,,,Madison Av. Parque Águas Claras lt 55,2,15,1,,https://www.wimoveis.com.br/propriedades/plantao-99310-2006-duplex-1-quarto-edificio-2960313531.html,466,400.000,
PCM Corretor Paulo Cesar,200,200,2022-04-25,Águas Claras,4,Brasília,2962673423,25666,,,Via Club Residence - Águas Claras,2,4,4,1,https://www.wimoveis.com.br/propriedades/linda-cobertura-nascente-duplex-4-quartos-suite-2962673423.html,,1.350.000,
IMOBILIÁRIA NOBLE,90,90,2022-05-10,Águas Claras,1,Brasília,2965117484,23545 J,,,Rua das Figueiras,2,10,2,2,https://www.wimoveis.com.br/propriedades/imobiliaria-noble-vende-apartamento-com-90-m-sup2--2965117484.html,,750.000,
 Imobplace Corretores Associados,53,53,2022-06-29,Águas Claras,1,Brasília,2965930195,,,,Quadra 107 ,1,122,2,,https://www.wimoveis.com.br/propriedades/apartamento-a-venda-em-aguas-claras-2965930195.html,,315.000,
Lettieri Águas Claras,137,137,2022-06-09,Águas Claras,2,Brasília,2966096467,12419,,,Quadra 204 Residencial Fênix,1,5,3,1,https://www.wimoveis.com.br/propriedades/melhor-3-quartos-2966096467.html,,1.100.000,
 FC Consultor Imobiliário ,76,90,2022-06-09,Águas Claras,3,Brasília,2961674321,16.436,,,"Alameda dos eucaliptos 9, Águas Claras sul ",1,10,3,1,https://www.wimoveis.com.br/propriedades/03-quartos-em-aguas-claras-com-suite-e-vista-livre!-2961674321.html,,455.000,
ESPAÇO IMOBILIÁRIA,104,104,2022-07-03,Águas Claras,3,Brasília,2962200078,19825-DF,,,Avenida das Araucárias 204,2,12,3,1,https://www.wimoveis.com.br/propriedades/3-quartos-varanda-lazer-premium-residencial-portinari-2962200078.html,790,790.000,
ACBARBOSA CONSULTORIA DE IMÓVEIS,94,94,2022-06-14,Águas Claras,1,Brasília,2965111841,25811,,,rua 36 sul,2,,3,3,https://www.wimoveis.com.br/propriedades/lancamento-ouro-branco-vi-primeira-tabela-qualidade-2965111841.html,,891.000,
Cícero Macedo,125,125,2022-06-02,Águas Claras,2,Brasília,2965882269,19339,,,,,2,3,1,https://www.wimoveis.com.br/propriedades/lindo-apartamento-3-quartos-no-residencial-mozart-em-2965882269.html,,1.100.000,
PILOTIS IMOBILIÁRIA,30,30,2022-02-24,Águas Claras,1,Brasília,2962908700,22309JDF,,,Rua Das Paineiras Lote 06 ,,,1,,https://www.wimoveis.com.br/propriedades/rua-das-paineiras-aguas-claras-2962908700.html,400,290.000,
 Imobplace Corretores Associados,34,34,2022-06-29,Águas Claras,1,Brasília,2965926763,,,,Avenida Jacarandá ,1,122,1,1,https://www.wimoveis.com.br/propriedades/apartamento-a-venda-em-aguas-claras-2965926763.html,272,282.000,
THAIS IMOBILIÁRIA VENDAS,35,35,2022-07-02,Águas Claras,1,Brasília,2966083914,,,,Rua das Figueiras 10,2,,1,,https://www.wimoveis.com.br/propriedades/kitnet-em-excelente-localizacao-em-aguas-claras-2966083914.html,280,215.000,
BSC imobiliária,96,105,2022-03-04,Águas Claras,2,Brasília,2963109818,,,,,2,,3,1,https://www.wimoveis.com.br/propriedades/nature-residence-2963109818.html,1,856.875,
Fabio Nogueira,187,187,2022-06-02,Águas Claras,,Brasília,2965857413,,,,Condomínio do Edifício Residencial Rafaela,2,1,3,1,https://www.wimoveis.com.br/propriedades/oportunidade!-cobertura-duplex-lazer-privativo-vista-2965857413.html,1200,1.200.000,
Bruno Rodrigues,33,33,2022-05-06,Águas Claras,1,Brasília,2965009629,,,,Blend Apartments,1,1,1,1,https://www.wimoveis.com.br/propriedades/blend-hplus-apartments-1-suite-1-vaga-33-m-sup2-2965009629.html,,309.000,
Miro Ribeiro,24,30,2022-06-28,Águas Claras,1,Brasília,2966646884,,,,"Rua 20 Sul, Lote 08, Bloco B",2,16,1,1,https://www.wimoveis.com.br/propriedades/apto-kitnete-reformada-e-mobiliada-rua-20-sul-porto-2966646884.html,314,215.000,
Michele Santos Baleeiro,158,178,2022-06-10,Águas Claras,5,Brasília,2966128103,,,,Avenida das Araucárias lote 4530 condomínio Península,2,9,4,3,https://www.wimoveis.com.br/propriedades/apartamento-alto-padrao-2966128103.html,,1.650.000,
Eduardo silva dias junior,71,71,2022-06-27,Águas Claras,3,Brasília,2963817925,,,,Avenida Parque Águas Claras Lote 3740,1,7,3,2,https://www.wimoveis.com.br/propriedades/3-quartos-aguas-claras-2963817925.html,590,589.000,
